[{"@type":"mappingTemplate","id":"@1","name":"SXX_FirstName_ShippingFiles","description":"","bundleVersion":"0","templateId":"@3","deployTime":1659089150000,"hasParameters":false,"valid":true,"fixedConnection":true,"hasParametersDeployed":false,"fixedConnectionDeployed":true,"tasks":0,"mappingPreviewFileRecordId":"@2","documentType":"MAPPING","references":[{"@type":"reference","refObjectId":"@98JP5ssvt13b2sqXSMhcCt","refType":"connection"},{"@type":"reference","refObjectId":"@ilr5Yp9Lf4rjOFE9S8K94m","refType":"connection"},{"@type":"reference","refObjectId":"@5J9ipF9uIvBiN529y84juP","refType":"connection"}]}]