[{"@type":"mappingTemplate","id":"@1","name":"m_encoding","description":"","bundleVersion":"0","templateId":"@3","deployTime":1659454674000,"hasParameters":false,"valid":true,"fixedConnection":true,"hasParametersDeployed":false,"fixedConnectionDeployed":true,"tasks":1,"mappingPreviewFileRecordId":"@2","documentType":"MAPPING","references":[{"@type":"reference","refObjectId":"@lf6NEppKr2TdGU8Ik2tmSH","refType":"connection"},{"@type":"reference","refObjectId":"@5J9ipF9uIvBiN529y84juP","refType":"connection"}]}]