[{"@type":"mappingTemplate","id":"@1","name":"SXX_FirstName_MappletTransformation","description":"","bundleVersion":"0","templateId":"@3","hasParameters":false,"valid":false,"fixedConnection":true,"hasParametersDeployed":false,"fixedConnectionDeployed":false,"tasks":0,"mappingPreviewFileRecordId":"@2","documentType":"MAPPING","references":[{"@type":"reference","refObjectId":"@98JP5ssvt13b2sqXSMhcCt","refType":"connection"},{"@type":"reference","refObjectId":"@ilr5Yp9Lf4rjOFE9S8K94m","refType":"connection"}]}]