[{"@type":"mappingTemplate","id":"@1","name":"m_encoded_data","description":"","bundleVersion":"0","templateId":"@3","deployTime":1659093104000,"hasParameters":false,"valid":true,"fixedConnection":true,"hasParametersDeployed":false,"fixedConnectionDeployed":true,"tasks":1,"mappingPreviewFileRecordId":"@2","documentType":"MAPPING","references":[{"@type":"reference","refObjectId":"@1f4R952LgVPkTESXOYpHaM","refType":"connection"},{"@type":"reference","refObjectId":"@5J9ipF9uIvBiN529y84juP","refType":"connection"}]}]