[{"@type":"dssTask","id":"@1","name":"SXX_FirstName_OutletsLoad","description":"","maxLogs":10,"sourceConnectionId":"@98JP5ssvt13b2sqXSMhcCt","targetConnectionId":"@ilr5Yp9Lf4rjOFE9S8K94m","targetObject":"Account","targetObjectLabel":"Account","operation":"Insert","maxRows":0,"truncateTarget":false,"bulkApiDBTarget":false,"verbose":false,"srcFlatFileAttrs":{"@type":"flatFileAttrs","id":1992248,"delimiter":",","textQualifier":"\"","escapeChar":"","headerLineNo":1,"firstDataRow":2},"targetMetadataUpdated":false,"modelVersion":"V3-R600","queryAll":false,"srcSettings":{"@type":"taskDataSourceSetting","isShowLabels":false,"isNaturalOrder":true},"tgtSettings":{"@type":"taskDataSourceSetting","isShowLabels":true,"isNaturalOrder":true},"cfSettings":{"@type":"taskDataSourceSetting","isShowLabels":false,"isNaturalOrder":true},"bulkApi":false,"bulkApiSerialMode":false,"bulkApiMonitor":false,"isTargetObjectSfCustom":false,"allowNullUpdates":false,"targetBatchSize":200,"assignmentRuleId":"-1","assignmentRuleType":"None","createSuccessFile":false,"bulkApiHardDelete":false,"srcRuntimeAttrs":{"@type":"taskRuntimeAttrs","attrs":{}},"tgtRuntimeAttrs":{"@type":"taskRuntimeAttrs","attrs":{}},"parameterFileEncoding":"UTF-8","serverlessProperties":{},"sourceObjects":[{"@type":"mObject","name":"Outlets.csv","label":"Outlets.csv","metadataUpdated":false,"relations":[],"children":[]}],"advancedFilters":[],"filters":[],"fieldMaps":[{"@type":"fieldMap","id":"19858430","targetField":{"@type":"field","id":118931337,"name":"Id","type":"id","uniqueName":"Id","label":"Account ID","parentObject":"Account","pcType":"STRING","precision":18,"scale":0,"columnIndex":0,"isKey":true,"isWaterMarkKey":false,"isExternalId":false,"isSfIdLookup":true,"isNullable":false,"isUnique":false,"isCreateable":false,"isUpdateable":false,"isFilterable":true,"isCalculated":false,"showLabel":true,"naturalOrder":0,"linkedFields":[],"relatedInfos":[],"references":[]}},{"@type":"fieldMap","id":"19858431","targetField":{"@type":"field","id":118931338,"name":"IsDeleted","type":"boolean","uniqueName":"IsDeleted","label":"Deleted","parentObject":"Account","pcType":"INT","precision":10,"scale":0,"columnIndex":1,"isKey":false,"isWaterMarkKey":false,"isExternalId":false,"isSfIdLookup":false,"isNullable":false,"isUnique":false,"isCreateable":false,"isUpdateable":false,"isFilterable":true,"isCalculated":false,"showLabel":true,"naturalOrder":1,"linkedFields":[],"relatedInfos":[],"references":[]}},{"@type":"fieldMap","id":"19858432","targetField":{"@type":"field","id":118931339,"name":"MasterRecordId","type":"reference","uniqueName":"MasterRecordId","label":"Master Record ID","parentObject":"Account","pcType":"STRING","precision":18,"scale":0,"columnIndex":2,"isKey":false,"isWaterMarkKey":false,"isExternalId":false,"isSfIdLookup":false,"isNullable":true,"isUnique":false,"isCreateable":false,"isUpdateable":false,"isFilterable":true,"isCalculated":false,"showLabel":true,"naturalOrder":2,"linkedFields":[],"relatedInfos":[{"@type":"fieldRelatedInfo","id":229697,"referenceObject":"Account","relationshipName":"MasterRecord","referenceField":{"@type":"field","id":-1,"precision":0,"scale":0,"columnIndex":-1,"isKey":false,"isWaterMarkKey":false,"isExternalId":false,"isSfIdLookup":false,"isNullable":true,"isUnique":false,"isCreateable":false,"isUpdateable":true,"isFilterable":true,"isCalculated":false,"showLabel":true,"naturalOrder":0,"linkedFields":[],"relatedInfos":[],"references":[]}}],"references":[]}},{"@type":"fieldMap","id":"19858433","targetField":{"@type":"field","id":118931340,"name":"Name","type":"string","uniqueName":"Name","label":"Account Name","parentObject":"Account","pcType":"STRING","precision":255,"scale":0,"columnIndex":3,"isKey":false,"isWaterMarkKey":false,"isExternalId":false,"isSfIdLookup":false,"isNullable":false,"isUnique":false,"isCreateable":true,"isUpdateable":true,"isFilterable":true,"isCalculated":false,"showLabel":true,"naturalOrder":3,"linkedFields":["Outlet_Name"],"relatedInfos":[],"references":[]},"expression":"Outlet_Name"},{"@type":"fieldMap","id":"19858434","targetField":{"@type":"field","id":118931341,"name":"Type","type":"picklist","uniqueName":"Type","label":"Account Type","parentObject":"Account","pcType":"STRING","precision":255,"scale":0,"columnIndex":4,"isKey":false,"isWaterMarkKey":false,"isExternalId":false,"isSfIdLookup":false,"isNullable":true,"isUnique":false,"isCreateable":true,"isUpdateable":true,"isFilterable":true,"isCalculated":false,"showLabel":true,"naturalOrder":4,"linkedFields":[],"relatedInfos":[],"references":[]}},{"@type":"fieldMap","id":"19858435","targetField":{"@type":"field","id":118931342,"name":"ParentId","type":"reference","uniqueName":"ParentId","label":"Parent Account ID","parentObject":"Account","pcType":"STRING","precision":18,"scale":0,"columnIndex":5,"isKey":false,"isWaterMarkKey":false,"isExternalId":false,"isSfIdLookup":false,"isNullable":true,"isUnique":false,"isCreateable":true,"isUpdateable":true,"isFilterable":true,"isCalculated":false,"showLabel":true,"naturalOrder":5,"linkedFields":[],"relatedInfos":[{"@type":"fieldRelatedInfo","id":229698,"referenceObject":"Account","relationshipName":"Parent","referenceField":{"@type":"field","id":-1,"precision":0,"scale":0,"columnIndex":-1,"isKey":false,"isWaterMarkKey":false,"isExternalId":false,"isSfIdLookup":false,"isNullable":true,"isUnique":false,"isCreateable":false,"isUpdateable":true,"isFilterable":true,"isCalculated":false,"showLabel":true,"naturalOrder":0,"linkedFields":[],"relatedInfos":[],"references":[]}}],"references":[]}},{"@type":"fieldMap","id":"19858436","targetField":{"@type":"field","id":118931343,"name":"BillingStreet","type":"textarea","uniqueName":"BillingStreet","label":"Billing Street","parentObject":"Account","pcType":"STRING","precision":255,"scale":0,"columnIndex":6,"isKey":false,"isWaterMarkKey":false,"isExternalId":false,"isSfIdLookup":false,"isNullable":true,"isUnique":false,"isCreateable":true,"isUpdateable":true,"isFilterable":true,"isCalculated":false,"showLabel":true,"naturalOrder":6,"linkedFields":["Street"],"relatedInfos":[],"references":[]},"expression":"Street"},{"@type":"fieldMap","id":"19858437","targetField":{"@type":"field","id":118931344,"name":"BillingCity","type":"string","uniqueName":"BillingCity","label":"Billing City","parentObject":"Account","pcType":"STRING","precision":40,"scale":0,"columnIndex":7,"isKey":false,"isWaterMarkKey":false,"isExternalId":false,"isSfIdLookup":false,"isNullable":true,"isUnique":false,"isCreateable":true,"isUpdateable":true,"isFilterable":true,"isCalculated":false,"showLabel":true,"naturalOrder":7,"linkedFields":["City"],"relatedInfos":[],"references":[]},"expression":"City"},{"@type":"fieldMap","id":"19858438","targetField":{"@type":"field","id":118931345,"name":"BillingState","type":"string","uniqueName":"BillingState","label":"Billing State/Province","parentObject":"Account","pcType":"STRING","precision":80,"scale":0,"columnIndex":8,"isKey":false,"isWaterMarkKey":false,"isExternalId":false,"isSfIdLookup":false,"isNullable":true,"isUnique":false,"isCreateable":true,"isUpdateable":true,"isFilterable":true,"isCalculated":false,"showLabel":true,"naturalOrder":8,"linkedFields":["State"],"relatedInfos":[],"references":[]},"expression":"State"},{"@type":"fieldMap","id":"19858439","targetField":{"@type":"field","id":118931346,"name":"BillingPostalCode","type":"string","uniqueName":"BillingPostalCode","label":"Billing Zip/Postal Code","parentObject":"Account","pcType":"STRING","precision":20,"scale":0,"columnIndex":9,"isKey":false,"isWaterMarkKey":false,"isExternalId":false,"isSfIdLookup":false,"isNullable":true,"isUnique":false,"isCreateable":true,"isUpdateable":true,"isFilterable":true,"isCalculated":false,"showLabel":true,"naturalOrder":9,"linkedFields":["ZipCode"],"relatedInfos":[],"references":[]},"expression":"ZipCode"},{"@type":"fieldMap","id":"19858440","targetField":{"@type":"field","id":118931347,"name":"BillingCountry","type":"string","uniqueName":"BillingCountry","label":"Billing Country","parentObject":"Account","pcType":"STRING","precision":80,"scale":0,"columnIndex":10,"isKey":false,"isWaterMarkKey":false,"isExternalId":false,"isSfIdLookup":false,"isNullable":true,"isUnique":false,"isCreateable":true,"isUpdateable":true,"isFilterable":true,"isCalculated":false,"showLabel":true,"naturalOrder":10,"linkedFields":["Country"],"relatedInfos":[],"references":[]},"expression":"Country"},{"@type":"fieldMap","id":"19858441","targetField":{"@type":"field","id":118931348,"name":"BillingLatitude","type":"double","uniqueName":"BillingLatitude","label":"Billing Latitude","parentObject":"Account","pcType":"HIPRECDECIMAL","precision":18,"scale":15,"columnIndex":11,"isKey":false,"isWaterMarkKey":false,"isExternalId":false,"isSfIdLookup":false,"isNullable":true,"isUnique":false,"isCreateable":true,"isUpdateable":true,"isFilterable":true,"isCalculated":false,"showLabel":true,"naturalOrder":11,"linkedFields":[],"relatedInfos":[],"references":[]}},{"@type":"fieldMap","id":"19858442","targetField":{"@type":"field","id":118931349,"name":"BillingLongitude","type":"double","uniqueName":"BillingLongitude","label":"Billing Longitude","parentObject":"Account","pcType":"HIPRECDECIMAL","precision":18,"scale":15,"columnIndex":12,"isKey":false,"isWaterMarkKey":false,"isExternalId":false,"isSfIdLookup":false,"isNullable":true,"isUnique":false,"isCreateable":true,"isUpdateable":true,"isFilterable":true,"isCalculated":false,"showLabel":true,"naturalOrder":12,"linkedFields":[],"relatedInfos":[],"references":[]}},{"@type":"fieldMap","id":"19858443","targetField":{"@type":"field","id":118931350,"name":"BillingGeocodeAccuracy","type":"picklist","uniqueName":"BillingGeocodeAccuracy","label":"Billing Geocode Accuracy","parentObject":"Account","pcType":"STRING","precision":40,"scale":0,"columnIndex":13,"isKey":false,"isWaterMarkKey":false,"isExternalId":false,"isSfIdLookup":false,"isNullable":true,"isUnique":false,"isCreateable":true,"isUpdateable":true,"isFilterable":true,"isCalculated":false,"showLabel":true,"naturalOrder":13,"linkedFields":[],"relatedInfos":[],"references":[]}},{"@type":"fieldMap","id":"19858444","targetField":{"@type":"field","id":118931351,"name":"ShippingStreet","type":"textarea","uniqueName":"ShippingStreet","label":"Shipping Street","parentObject":"Account","pcType":"STRING","precision":255,"scale":0,"columnIndex":14,"isKey":false,"isWaterMarkKey":false,"isExternalId":false,"isSfIdLookup":false,"isNullable":true,"isUnique":false,"isCreateable":true,"isUpdateable":true,"isFilterable":true,"isCalculated":false,"showLabel":true,"naturalOrder":14,"linkedFields":[],"relatedInfos":[],"references":[]}},{"@type":"fieldMap","id":"19858445","targetField":{"@type":"field","id":118931352,"name":"ShippingCity","type":"string","uniqueName":"ShippingCity","label":"Shipping City","parentObject":"Account","pcType":"STRING","precision":40,"scale":0,"columnIndex":15,"isKey":false,"isWaterMarkKey":false,"isExternalId":false,"isSfIdLookup":false,"isNullable":true,"isUnique":false,"isCreateable":true,"isUpdateable":true,"isFilterable":true,"isCalculated":false,"showLabel":true,"naturalOrder":15,"linkedFields":[],"relatedInfos":[],"references":[]}},{"@type":"fieldMap","id":"19858446","targetField":{"@type":"field","id":118931353,"name":"ShippingState","type":"string","uniqueName":"ShippingState","label":"Shipping State/Province","parentObject":"Account","pcType":"STRING","precision":80,"scale":0,"columnIndex":16,"isKey":false,"isWaterMarkKey":false,"isExternalId":false,"isSfIdLookup":false,"isNullable":true,"isUnique":false,"isCreateable":true,"isUpdateable":true,"isFilterable":true,"isCalculated":false,"showLabel":true,"naturalOrder":16,"linkedFields":[],"relatedInfos":[],"references":[]}},{"@type":"fieldMap","id":"19858447","targetField":{"@type":"field","id":118931354,"name":"ShippingPostalCode","type":"string","uniqueName":"ShippingPostalCode","label":"Shipping Zip/Postal Code","parentObject":"Account","pcType":"STRING","precision":20,"scale":0,"columnIndex":17,"isKey":false,"isWaterMarkKey":false,"isExternalId":false,"isSfIdLookup":false,"isNullable":true,"isUnique":false,"isCreateable":true,"isUpdateable":true,"isFilterable":true,"isCalculated":false,"showLabel":true,"naturalOrder":17,"linkedFields":[],"relatedInfos":[],"references":[]}},{"@type":"fieldMap","id":"19858448","targetField":{"@type":"field","id":118931355,"name":"ShippingCountry","type":"string","uniqueName":"ShippingCountry","label":"Shipping Country","parentObject":"Account","pcType":"STRING","precision":80,"scale":0,"columnIndex":18,"isKey":false,"isWaterMarkKey":false,"isExternalId":false,"isSfIdLookup":false,"isNullable":true,"isUnique":false,"isCreateable":true,"isUpdateable":true,"isFilterable":true,"isCalculated":false,"showLabel":true,"naturalOrder":18,"linkedFields":[],"relatedInfos":[],"references":[]}},{"@type":"fieldMap","id":"19858449","targetField":{"@type":"field","id":118931356,"name":"ShippingLatitude","type":"double","uniqueName":"ShippingLatitude","label":"Shipping Latitude","parentObject":"Account","pcType":"HIPRECDECIMAL","precision":18,"scale":15,"columnIndex":19,"isKey":false,"isWaterMarkKey":false,"isExternalId":false,"isSfIdLookup":false,"isNullable":true,"isUnique":false,"isCreateable":true,"isUpdateable":true,"isFilterable":true,"isCalculated":false,"showLabel":true,"naturalOrder":19,"linkedFields":[],"relatedInfos":[],"references":[]}},{"@type":"fieldMap","id":"19858450","targetField":{"@type":"field","id":118931357,"name":"ShippingLongitude","type":"double","uniqueName":"ShippingLongitude","label":"Shipping Longitude","parentObject":"Account","pcType":"HIPRECDECIMAL","precision":18,"scale":15,"columnIndex":20,"isKey":false,"isWaterMarkKey":false,"isExternalId":false,"isSfIdLookup":false,"isNullable":true,"isUnique":false,"isCreateable":true,"isUpdateable":true,"isFilterable":true,"isCalculated":false,"showLabel":true,"naturalOrder":20,"linkedFields":[],"relatedInfos":[],"references":[]}},{"@type":"fieldMap","id":"19858451","targetField":{"@type":"field","id":118931358,"name":"ShippingGeocodeAccuracy","type":"picklist","uniqueName":"ShippingGeocodeAccuracy","label":"Shipping Geocode Accuracy","parentObject":"Account","pcType":"STRING","precision":40,"scale":0,"columnIndex":21,"isKey":false,"isWaterMarkKey":false,"isExternalId":false,"isSfIdLookup":false,"isNullable":true,"isUnique":false,"isCreateable":true,"isUpdateable":true,"isFilterable":true,"isCalculated":false,"showLabel":true,"naturalOrder":21,"linkedFields":[],"relatedInfos":[],"references":[]}},{"@type":"fieldMap","id":"19858452","targetField":{"@type":"field","id":118931359,"name":"Phone","type":"phone","uniqueName":"Phone","label":"Account Phone","parentObject":"Account","pcType":"STRING","precision":40,"scale":0,"columnIndex":22,"isKey":false,"isWaterMarkKey":false,"isExternalId":false,"isSfIdLookup":false,"isNullable":true,"isUnique":false,"isCreateable":true,"isUpdateable":true,"isFilterable":true,"isCalculated":false,"showLabel":true,"naturalOrder":22,"linkedFields":["Phone_Number"],"relatedInfos":[],"references":[]},"expression":"Phone_Number"},{"@type":"fieldMap","id":"19858453","targetField":{"@type":"field","id":118931360,"name":"Fax","type":"phone","uniqueName":"Fax","label":"Account Fax","parentObject":"Account","pcType":"STRING","precision":40,"scale":0,"columnIndex":23,"isKey":false,"isWaterMarkKey":false,"isExternalId":false,"isSfIdLookup":false,"isNullable":true,"isUnique":false,"isCreateable":true,"isUpdateable":true,"isFilterable":true,"isCalculated":false,"showLabel":true,"naturalOrder":23,"linkedFields":[],"relatedInfos":[],"references":[]}},{"@type":"fieldMap","id":"19858454","targetField":{"@type":"field","id":118931361,"name":"AccountNumber","type":"string","uniqueName":"AccountNumber","label":"Account Number","parentObject":"Account","pcType":"STRING","precision":40,"scale":0,"columnIndex":24,"isKey":false,"isWaterMarkKey":false,"isExternalId":false,"isSfIdLookup":false,"isNullable":true,"isUnique":false,"isCreateable":true,"isUpdateable":true,"isFilterable":true,"isCalculated":false,"showLabel":true,"naturalOrder":24,"linkedFields":["Outlet_ID"],"relatedInfos":[],"references":[]},"expression":"Outlet_ID"},{"@type":"fieldMap","id":"19858455","targetField":{"@type":"field","id":118931362,"name":"Website","type":"url","uniqueName":"Website","label":"Website","parentObject":"Account","pcType":"STRING","precision":255,"scale":0,"columnIndex":25,"isKey":false,"isWaterMarkKey":false,"isExternalId":false,"isSfIdLookup":false,"isNullable":true,"isUnique":false,"isCreateable":true,"isUpdateable":true,"isFilterable":true,"isCalculated":false,"showLabel":true,"naturalOrder":25,"linkedFields":[],"relatedInfos":[],"references":[]}},{"@type":"fieldMap","id":"19858456","targetField":{"@type":"field","id":118931363,"name":"PhotoUrl","type":"url","uniqueName":"PhotoUrl","label":"Photo URL","parentObject":"Account","pcType":"STRING","precision":255,"scale":0,"columnIndex":26,"isKey":false,"isWaterMarkKey":false,"isExternalId":false,"isSfIdLookup":false,"isNullable":true,"isUnique":false,"isCreateable":false,"isUpdateable":false,"isFilterable":true,"isCalculated":false,"showLabel":true,"naturalOrder":26,"linkedFields":[],"relatedInfos":[],"references":[]}},{"@type":"fieldMap","id":"19858457","targetField":{"@type":"field","id":118931364,"name":"Sic","type":"string","uniqueName":"Sic","label":"SIC Code","parentObject":"Account","pcType":"STRING","precision":20,"scale":0,"columnIndex":27,"isKey":false,"isWaterMarkKey":false,"isExternalId":false,"isSfIdLookup":false,"isNullable":true,"isUnique":false,"isCreateable":true,"isUpdateable":true,"isFilterable":true,"isCalculated":false,"showLabel":true,"naturalOrder":27,"linkedFields":[],"relatedInfos":[],"references":[]}},{"@type":"fieldMap","id":"19858458","targetField":{"@type":"field","id":118931365,"name":"Industry","type":"picklist","uniqueName":"Industry","label":"Industry","parentObject":"Account","pcType":"STRING","precision":255,"scale":0,"columnIndex":28,"isKey":false,"isWaterMarkKey":false,"isExternalId":false,"isSfIdLookup":false,"isNullable":true,"isUnique":false,"isCreateable":true,"isUpdateable":true,"isFilterable":true,"isCalculated":false,"showLabel":true,"naturalOrder":28,"linkedFields":[],"relatedInfos":[],"references":[]}},{"@type":"fieldMap","id":"19858459","targetField":{"@type":"field","id":118931366,"name":"AnnualRevenue","type":"currency","uniqueName":"AnnualRevenue","label":"Annual Revenue","parentObject":"Account","pcType":"HIPRECDECIMAL","precision":18,"scale":0,"columnIndex":29,"isKey":false,"isWaterMarkKey":false,"isExternalId":false,"isSfIdLookup":false,"isNullable":true,"isUnique":false,"isCreateable":true,"isUpdateable":true,"isFilterable":true,"isCalculated":false,"showLabel":true,"naturalOrder":29,"linkedFields":[],"relatedInfos":[],"references":[]}},{"@type":"fieldMap","id":"19858460","targetField":{"@type":"field","id":118931367,"name":"NumberOfEmployees","type":"int","uniqueName":"NumberOfEmployees","label":"Employees","parentObject":"Account","pcType":"INT","precision":10,"scale":0,"columnIndex":30,"isKey":false,"isWaterMarkKey":false,"isExternalId":false,"isSfIdLookup":false,"isNullable":true,"isUnique":false,"isCreateable":true,"isUpdateable":true,"isFilterable":true,"isCalculated":false,"showLabel":true,"naturalOrder":30,"linkedFields":["Employees"],"relatedInfos":[],"references":[]},"expression":"Employees"},{"@type":"fieldMap","id":"19858461","targetField":{"@type":"field","id":118931368,"name":"Ownership","type":"picklist","uniqueName":"Ownership","label":"Ownership","parentObject":"Account","pcType":"STRING","precision":255,"scale":0,"columnIndex":31,"isKey":false,"isWaterMarkKey":false,"isExternalId":false,"isSfIdLookup":false,"isNullable":true,"isUnique":false,"isCreateable":true,"isUpdateable":true,"isFilterable":true,"isCalculated":false,"showLabel":true,"naturalOrder":31,"linkedFields":[],"relatedInfos":[],"references":[]}},{"@type":"fieldMap","id":"19858462","targetField":{"@type":"field","id":118931369,"name":"TickerSymbol","type":"string","uniqueName":"TickerSymbol","label":"Ticker Symbol","parentObject":"Account","pcType":"STRING","precision":20,"scale":0,"columnIndex":32,"isKey":false,"isWaterMarkKey":false,"isExternalId":false,"isSfIdLookup":false,"isNullable":true,"isUnique":false,"isCreateable":true,"isUpdateable":true,"isFilterable":true,"isCalculated":false,"showLabel":true,"naturalOrder":32,"linkedFields":[],"relatedInfos":[],"references":[]}},{"@type":"fieldMap","id":"19858463","targetField":{"@type":"field","id":118931370,"name":"Description","type":"textarea","uniqueName":"Description","label":"Account Description","parentObject":"Account","pcType":"STRING","precision":32000,"scale":0,"columnIndex":33,"isKey":false,"isWaterMarkKey":false,"isExternalId":false,"isSfIdLookup":false,"isNullable":true,"isUnique":false,"isCreateable":true,"isUpdateable":true,"isFilterable":false,"isCalculated":false,"showLabel":true,"naturalOrder":33,"linkedFields":[],"relatedInfos":[],"references":[]}},{"@type":"fieldMap","id":"19858464","targetField":{"@type":"field","id":118931371,"name":"Rating","type":"picklist","uniqueName":"Rating","label":"Account Rating","parentObject":"Account","pcType":"STRING","precision":255,"scale":0,"columnIndex":34,"isKey":false,"isWaterMarkKey":false,"isExternalId":false,"isSfIdLookup":false,"isNullable":true,"isUnique":false,"isCreateable":true,"isUpdateable":true,"isFilterable":true,"isCalculated":false,"showLabel":true,"naturalOrder":34,"linkedFields":[],"relatedInfos":[],"references":[]}},{"@type":"fieldMap","id":"19858465","targetField":{"@type":"field","id":118931372,"name":"Site","type":"string","uniqueName":"Site","label":"Account Site","parentObject":"Account","pcType":"STRING","precision":80,"scale":0,"columnIndex":35,"isKey":false,"isWaterMarkKey":false,"isExternalId":false,"isSfIdLookup":false,"isNullable":true,"isUnique":false,"isCreateable":true,"isUpdateable":true,"isFilterable":true,"isCalculated":false,"showLabel":true,"naturalOrder":35,"linkedFields":[],"relatedInfos":[],"references":[]}},{"@type":"fieldMap","id":"19858466","targetField":{"@type":"field","id":118931373,"name":"OwnerId","type":"reference","uniqueName":"OwnerId","label":"Owner ID","parentObject":"Account","pcType":"STRING","precision":18,"scale":0,"columnIndex":36,"isKey":false,"isWaterMarkKey":false,"isExternalId":false,"isSfIdLookup":false,"isNullable":false,"isUnique":false,"isCreateable":true,"isUpdateable":true,"isFilterable":true,"isCalculated":false,"showLabel":true,"naturalOrder":36,"linkedFields":[],"relatedInfos":[{"@type":"fieldRelatedInfo","id":229699,"referenceObject":"User","relationshipName":"Owner","referenceField":{"@type":"field","id":-1,"precision":0,"scale":0,"columnIndex":-1,"isKey":false,"isWaterMarkKey":false,"isExternalId":false,"isSfIdLookup":false,"isNullable":true,"isUnique":false,"isCreateable":false,"isUpdateable":true,"isFilterable":true,"isCalculated":false,"showLabel":true,"naturalOrder":0,"linkedFields":[],"relatedInfos":[],"references":[]}}],"references":[]}},{"@type":"fieldMap","id":"19858467","targetField":{"@type":"field","id":118931374,"name":"CreatedDate","type":"datetime","uniqueName":"CreatedDate","label":"Created Date","parentObject":"Account","pcType":"DATE","precision":24,"scale":0,"columnIndex":37,"isKey":false,"isWaterMarkKey":false,"isExternalId":false,"isSfIdLookup":false,"isNullable":false,"isUnique":false,"isCreateable":false,"isUpdateable":false,"isFilterable":true,"isCalculated":false,"showLabel":true,"naturalOrder":37,"linkedFields":[],"relatedInfos":[],"references":[]}},{"@type":"fieldMap","id":"19858468","targetField":{"@type":"field","id":118931375,"name":"CreatedById","type":"reference","uniqueName":"CreatedById","label":"Created By ID","parentObject":"Account","pcType":"STRING","precision":18,"scale":0,"columnIndex":38,"isKey":false,"isWaterMarkKey":false,"isExternalId":false,"isSfIdLookup":false,"isNullable":false,"isUnique":false,"isCreateable":false,"isUpdateable":false,"isFilterable":true,"isCalculated":false,"showLabel":true,"naturalOrder":38,"linkedFields":[],"relatedInfos":[{"@type":"fieldRelatedInfo","id":229700,"referenceObject":"User","relationshipName":"CreatedBy","referenceField":{"@type":"field","id":-1,"precision":0,"scale":0,"columnIndex":-1,"isKey":false,"isWaterMarkKey":false,"isExternalId":false,"isSfIdLookup":false,"isNullable":true,"isUnique":false,"isCreateable":false,"isUpdateable":true,"isFilterable":true,"isCalculated":false,"showLabel":true,"naturalOrder":0,"linkedFields":[],"relatedInfos":[],"references":[]}}],"references":[]}},{"@type":"fieldMap","id":"19858469","targetField":{"@type":"field","id":118931376,"name":"LastModifiedDate","type":"datetime","uniqueName":"LastModifiedDate","label":"Last Modified Date","parentObject":"Account","pcType":"DATE","precision":24,"scale":0,"columnIndex":39,"isKey":false,"isWaterMarkKey":false,"isExternalId":false,"isSfIdLookup":false,"isNullable":false,"isUnique":false,"isCreateable":false,"isUpdateable":false,"isFilterable":true,"isCalculated":false,"showLabel":true,"naturalOrder":39,"linkedFields":[],"relatedInfos":[],"references":[]}},{"@type":"fieldMap","id":"19858470","targetField":{"@type":"field","id":118931377,"name":"LastModifiedById","type":"reference","uniqueName":"LastModifiedById","label":"Last Modified By ID","parentObject":"Account","pcType":"STRING","precision":18,"scale":0,"columnIndex":40,"isKey":false,"isWaterMarkKey":false,"isExternalId":false,"isSfIdLookup":false,"isNullable":false,"isUnique":false,"isCreateable":false,"isUpdateable":false,"isFilterable":true,"isCalculated":false,"showLabel":true,"naturalOrder":40,"linkedFields":[],"relatedInfos":[{"@type":"fieldRelatedInfo","id":229701,"referenceObject":"User","relationshipName":"LastModifiedBy","referenceField":{"@type":"field","id":-1,"precision":0,"scale":0,"columnIndex":-1,"isKey":false,"isWaterMarkKey":false,"isExternalId":false,"isSfIdLookup":false,"isNullable":true,"isUnique":false,"isCreateable":false,"isUpdateable":true,"isFilterable":true,"isCalculated":false,"showLabel":true,"naturalOrder":0,"linkedFields":[],"relatedInfos":[],"references":[]}}],"references":[]}},{"@type":"fieldMap","id":"19858471","targetField":{"@type":"field","id":118931378,"name":"SystemModstamp","type":"datetime","uniqueName":"SystemModstamp","label":"System Modstamp","parentObject":"Account","pcType":"DATE","precision":24,"scale":0,"columnIndex":41,"isKey":false,"isWaterMarkKey":false,"isExternalId":false,"isSfIdLookup":false,"isNullable":false,"isUnique":false,"isCreateable":false,"isUpdateable":false,"isFilterable":true,"isCalculated":false,"showLabel":true,"naturalOrder":41,"linkedFields":[],"relatedInfos":[],"references":[]}},{"@type":"fieldMap","id":"19858472","targetField":{"@type":"field","id":118931379,"name":"LastActivityDate","type":"date","uniqueName":"LastActivityDate","label":"Last Activity","parentObject":"Account","pcType":"DATE","precision":10,"scale":0,"columnIndex":42,"isKey":false,"isWaterMarkKey":false,"isExternalId":false,"isSfIdLookup":false,"isNullable":true,"isUnique":false,"isCreateable":false,"isUpdateable":false,"isFilterable":true,"isCalculated":false,"showLabel":true,"naturalOrder":42,"linkedFields":[],"relatedInfos":[],"references":[]}},{"@type":"fieldMap","id":"19858473","targetField":{"@type":"field","id":118931380,"name":"LastViewedDate","type":"datetime","uniqueName":"LastViewedDate","label":"Last Viewed Date","parentObject":"Account","pcType":"DATE","precision":24,"scale":0,"columnIndex":43,"isKey":false,"isWaterMarkKey":false,"isExternalId":false,"isSfIdLookup":false,"isNullable":true,"isUnique":false,"isCreateable":false,"isUpdateable":false,"isFilterable":true,"isCalculated":false,"showLabel":true,"naturalOrder":43,"linkedFields":[],"relatedInfos":[],"references":[]}},{"@type":"fieldMap","id":"19858474","targetField":{"@type":"field","id":118931381,"name":"LastReferencedDate","type":"datetime","uniqueName":"LastReferencedDate","label":"Last Referenced Date","parentObject":"Account","pcType":"DATE","precision":24,"scale":0,"columnIndex":44,"isKey":false,"isWaterMarkKey":false,"isExternalId":false,"isSfIdLookup":false,"isNullable":true,"isUnique":false,"isCreateable":false,"isUpdateable":false,"isFilterable":true,"isCalculated":false,"showLabel":true,"naturalOrder":44,"linkedFields":[],"relatedInfos":[],"references":[]}},{"@type":"fieldMap","id":"19858475","targetField":{"@type":"field","id":118931382,"name":"Jigsaw","type":"string","uniqueName":"Jigsaw","label":"Data.com Key","parentObject":"Account","pcType":"STRING","precision":20,"scale":0,"columnIndex":45,"isKey":false,"isWaterMarkKey":false,"isExternalId":false,"isSfIdLookup":false,"isNullable":true,"isUnique":false,"isCreateable":true,"isUpdateable":true,"isFilterable":true,"isCalculated":false,"showLabel":true,"naturalOrder":45,"linkedFields":[],"relatedInfos":[],"references":[]}},{"@type":"fieldMap","id":"19858476","targetField":{"@type":"field","id":118931383,"name":"JigsawCompanyId","type":"string","uniqueName":"JigsawCompanyId","label":"Jigsaw Company ID","parentObject":"Account","pcType":"STRING","precision":20,"scale":0,"columnIndex":46,"isKey":false,"isWaterMarkKey":false,"isExternalId":false,"isSfIdLookup":false,"isNullable":true,"isUnique":false,"isCreateable":false,"isUpdateable":false,"isFilterable":true,"isCalculated":false,"showLabel":true,"naturalOrder":46,"linkedFields":[],"relatedInfos":[],"references":[]}},{"@type":"fieldMap","id":"19858477","targetField":{"@type":"field","id":118931384,"name":"CleanStatus","type":"picklist","uniqueName":"CleanStatus","label":"Clean Status","parentObject":"Account","pcType":"STRING","precision":40,"scale":0,"columnIndex":47,"isKey":false,"isWaterMarkKey":false,"isExternalId":false,"isSfIdLookup":false,"isNullable":true,"isUnique":false,"isCreateable":true,"isUpdateable":true,"isFilterable":true,"isCalculated":false,"showLabel":true,"naturalOrder":47,"linkedFields":[],"relatedInfos":[],"references":[]}},{"@type":"fieldMap","id":"19858478","targetField":{"@type":"field","id":118931385,"name":"AccountSource","type":"picklist","uniqueName":"AccountSource","label":"Account Source","parentObject":"Account","pcType":"STRING","precision":255,"scale":0,"columnIndex":48,"isKey":false,"isWaterMarkKey":false,"isExternalId":false,"isSfIdLookup":false,"isNullable":true,"isUnique":false,"isCreateable":true,"isUpdateable":true,"isFilterable":true,"isCalculated":false,"showLabel":true,"naturalOrder":48,"linkedFields":[],"relatedInfos":[],"references":[]}},{"@type":"fieldMap","id":"19858479","targetField":{"@type":"field","id":118931386,"name":"DunsNumber","type":"string","uniqueName":"DunsNumber","label":"D-U-N-S Number","parentObject":"Account","pcType":"STRING","precision":9,"scale":0,"columnIndex":49,"isKey":false,"isWaterMarkKey":false,"isExternalId":false,"isSfIdLookup":false,"isNullable":true,"isUnique":false,"isCreateable":true,"isUpdateable":true,"isFilterable":true,"isCalculated":false,"showLabel":true,"naturalOrder":49,"linkedFields":[],"relatedInfos":[],"references":[]}},{"@type":"fieldMap","id":"19858480","targetField":{"@type":"field","id":118931387,"name":"Tradestyle","type":"string","uniqueName":"Tradestyle","label":"Tradestyle","parentObject":"Account","pcType":"STRING","precision":255,"scale":0,"columnIndex":50,"isKey":false,"isWaterMarkKey":false,"isExternalId":false,"isSfIdLookup":false,"isNullable":true,"isUnique":false,"isCreateable":true,"isUpdateable":true,"isFilterable":true,"isCalculated":false,"showLabel":true,"naturalOrder":50,"linkedFields":[],"relatedInfos":[],"references":[]}},{"@type":"fieldMap","id":"19858481","targetField":{"@type":"field","id":118931388,"name":"NaicsCode","type":"string","uniqueName":"NaicsCode","label":"NAICS Code","parentObject":"Account","pcType":"STRING","precision":8,"scale":0,"columnIndex":51,"isKey":false,"isWaterMarkKey":false,"isExternalId":false,"isSfIdLookup":false,"isNullable":true,"isUnique":false,"isCreateable":true,"isUpdateable":true,"isFilterable":true,"isCalculated":false,"showLabel":true,"naturalOrder":51,"linkedFields":[],"relatedInfos":[],"references":[]}},{"@type":"fieldMap","id":"19858482","targetField":{"@type":"field","id":118931389,"name":"NaicsDesc","type":"string","uniqueName":"NaicsDesc","label":"NAICS Description","parentObject":"Account","pcType":"STRING","precision":120,"scale":0,"columnIndex":52,"isKey":false,"isWaterMarkKey":false,"isExternalId":false,"isSfIdLookup":false,"isNullable":true,"isUnique":false,"isCreateable":true,"isUpdateable":true,"isFilterable":true,"isCalculated":false,"showLabel":true,"naturalOrder":52,"linkedFields":[],"relatedInfos":[],"references":[]}},{"@type":"fieldMap","id":"19858483","targetField":{"@type":"field","id":118931390,"name":"YearStarted","type":"string","uniqueName":"YearStarted","label":"Year Started","parentObject":"Account","pcType":"STRING","precision":4,"scale":0,"columnIndex":53,"isKey":false,"isWaterMarkKey":false,"isExternalId":false,"isSfIdLookup":false,"isNullable":true,"isUnique":false,"isCreateable":true,"isUpdateable":true,"isFilterable":true,"isCalculated":false,"showLabel":true,"naturalOrder":53,"linkedFields":[],"relatedInfos":[],"references":[]}},{"@type":"fieldMap","id":"19858484","targetField":{"@type":"field","id":118931391,"name":"SicDesc","type":"string","uniqueName":"SicDesc","label":"SIC Description","parentObject":"Account","pcType":"STRING","precision":80,"scale":0,"columnIndex":54,"isKey":false,"isWaterMarkKey":false,"isExternalId":false,"isSfIdLookup":false,"isNullable":true,"isUnique":false,"isCreateable":true,"isUpdateable":true,"isFilterable":true,"isCalculated":false,"showLabel":true,"naturalOrder":54,"linkedFields":[],"relatedInfos":[],"references":[]}},{"@type":"fieldMap","id":"19858485","targetField":{"@type":"field","id":118931392,"name":"DandbCompanyId","type":"reference","uniqueName":"DandbCompanyId","label":"D&B Company ID","parentObject":"Account","pcType":"STRING","precision":18,"scale":0,"columnIndex":55,"isKey":false,"isWaterMarkKey":false,"isExternalId":false,"isSfIdLookup":false,"isNullable":true,"isUnique":false,"isCreateable":true,"isUpdateable":true,"isFilterable":true,"isCalculated":false,"showLabel":true,"naturalOrder":55,"linkedFields":[],"relatedInfos":[{"@type":"fieldRelatedInfo","id":229702,"referenceObject":"DandBCompany","relationshipName":"DandbCompany","referenceField":{"@type":"field","id":-1,"precision":0,"scale":0,"columnIndex":-1,"isKey":false,"isWaterMarkKey":false,"isExternalId":false,"isSfIdLookup":false,"isNullable":true,"isUnique":false,"isCreateable":false,"isUpdateable":true,"isFilterable":true,"isCalculated":false,"showLabel":true,"naturalOrder":0,"linkedFields":[],"relatedInfos":[],"references":[]}}],"references":[]}},{"@type":"fieldMap","id":"19858486","targetField":{"@type":"field","id":118931393,"name":"OperatingHoursId","type":"reference","uniqueName":"OperatingHoursId","label":"Operating Hour ID","parentObject":"Account","pcType":"STRING","precision":18,"scale":0,"columnIndex":56,"isKey":false,"isWaterMarkKey":false,"isExternalId":false,"isSfIdLookup":false,"isNullable":true,"isUnique":false,"isCreateable":true,"isUpdateable":true,"isFilterable":true,"isCalculated":false,"showLabel":true,"naturalOrder":56,"linkedFields":[],"relatedInfos":[{"@type":"fieldRelatedInfo","id":229703,"referenceObject":"OperatingHours","relationshipName":"OperatingHours","referenceField":{"@type":"field","id":-1,"precision":0,"scale":0,"columnIndex":-1,"isKey":false,"isWaterMarkKey":false,"isExternalId":false,"isSfIdLookup":false,"isNullable":true,"isUnique":false,"isCreateable":false,"isUpdateable":true,"isFilterable":true,"isCalculated":false,"showLabel":true,"naturalOrder":0,"linkedFields":[],"relatedInfos":[],"references":[]}}],"references":[]}},{"@type":"fieldMap","id":"19858487","targetField":{"@type":"field","id":118931394,"name":"CustomerPriority__c","type":"picklist","uniqueName":"CustomerPriority__c","label":"Customer Priority","parentObject":"Account","pcType":"STRING","precision":255,"scale":0,"columnIndex":57,"isKey":false,"isWaterMarkKey":false,"isExternalId":false,"isSfIdLookup":false,"isNullable":true,"isUnique":false,"isCreateable":true,"isUpdateable":true,"isFilterable":true,"isCalculated":false,"showLabel":true,"naturalOrder":57,"linkedFields":[],"relatedInfos":[],"references":[]}},{"@type":"fieldMap","id":"19858488","targetField":{"@type":"field","id":118931395,"name":"SLA__c","type":"picklist","uniqueName":"SLA__c","label":"SLA","parentObject":"Account","pcType":"STRING","precision":255,"scale":0,"columnIndex":58,"isKey":false,"isWaterMarkKey":false,"isExternalId":false,"isSfIdLookup":false,"isNullable":true,"isUnique":false,"isCreateable":true,"isUpdateable":true,"isFilterable":true,"isCalculated":false,"showLabel":true,"naturalOrder":58,"linkedFields":[],"relatedInfos":[],"references":[]}},{"@type":"fieldMap","id":"19858489","targetField":{"@type":"field","id":118931396,"name":"Active__c","type":"picklist","uniqueName":"Active__c","label":"Active","parentObject":"Account","pcType":"STRING","precision":255,"scale":0,"columnIndex":59,"isKey":false,"isWaterMarkKey":false,"isExternalId":false,"isSfIdLookup":false,"isNullable":true,"isUnique":false,"isCreateable":true,"isUpdateable":true,"isFilterable":true,"isCalculated":false,"showLabel":true,"naturalOrder":59,"linkedFields":[],"relatedInfos":[],"references":[]}},{"@type":"fieldMap","id":"19858490","targetField":{"@type":"field","id":118931397,"name":"NumberofLocations__c","type":"double","uniqueName":"NumberofLocations__c","label":"Number of Locations","parentObject":"Account","pcType":"HIPRECDECIMAL","precision":3,"scale":0,"columnIndex":60,"isKey":false,"isWaterMarkKey":false,"isExternalId":false,"isSfIdLookup":false,"isNullable":true,"isUnique":false,"isCreateable":true,"isUpdateable":true,"isFilterable":true,"isCalculated":false,"showLabel":true,"naturalOrder":60,"linkedFields":[],"relatedInfos":[],"references":[]}},{"@type":"fieldMap","id":"19858491","targetField":{"@type":"field","id":118931398,"name":"UpsellOpportunity__c","type":"picklist","uniqueName":"UpsellOpportunity__c","label":"Upsell Opportunity","parentObject":"Account","pcType":"STRING","precision":255,"scale":0,"columnIndex":61,"isKey":false,"isWaterMarkKey":false,"isExternalId":false,"isSfIdLookup":false,"isNullable":true,"isUnique":false,"isCreateable":true,"isUpdateable":true,"isFilterable":true,"isCalculated":false,"showLabel":true,"naturalOrder":61,"linkedFields":[],"relatedInfos":[],"references":[]}},{"@type":"fieldMap","id":"19858492","targetField":{"@type":"field","id":118931399,"name":"SLASerialNumber__c","type":"string","uniqueName":"SLASerialNumber__c","label":"SLA Serial Number","parentObject":"Account","pcType":"STRING","precision":10,"scale":0,"columnIndex":62,"isKey":false,"isWaterMarkKey":false,"isExternalId":false,"isSfIdLookup":false,"isNullable":true,"isUnique":false,"isCreateable":true,"isUpdateable":true,"isFilterable":true,"isCalculated":false,"showLabel":true,"naturalOrder":62,"linkedFields":[],"relatedInfos":[],"references":[]}},{"@type":"fieldMap","id":"19858493","targetField":{"@type":"field","id":118931400,"name":"SLAExpirationDate__c","type":"date","uniqueName":"SLAExpirationDate__c","label":"SLA Expiration Date","parentObject":"Account","pcType":"DATE","precision":10,"scale":0,"columnIndex":63,"isKey":false,"isWaterMarkKey":false,"isExternalId":false,"isSfIdLookup":false,"isNullable":true,"isUnique":false,"isCreateable":true,"isUpdateable":true,"isFilterable":true,"isCalculated":false,"showLabel":true,"naturalOrder":63,"linkedFields":[],"relatedInfos":[],"references":[]}}],"sourceFields":[{"@type":"field","id":118931401,"name":"Outlet_ID","type":"nstring","uniqueName":"Outlet_ID","label":"Outlet_ID","parentObject":"Outlets.csv","pcType":"UNISTRING","precision":40,"scale":0,"columnIndex":0,"isKey":false,"isWaterMarkKey":false,"isExternalId":false,"isSfIdLookup":false,"isNullable":true,"isUnique":false,"isCreateable":false,"isUpdateable":true,"isFilterable":true,"isCalculated":false,"showLabel":false,"naturalOrder":0,"linkedFields":["AccountNumber"],"relatedInfos":[],"references":[]},{"@type":"field","id":118931402,"name":"Outlet_Name","type":"nstring","uniqueName":"Outlet_Name","label":"Outlet_Name","parentObject":"Outlets.csv","pcType":"UNISTRING","precision":255,"scale":0,"columnIndex":1,"isKey":false,"isWaterMarkKey":false,"isExternalId":false,"isSfIdLookup":false,"isNullable":true,"isUnique":false,"isCreateable":false,"isUpdateable":true,"isFilterable":true,"isCalculated":false,"showLabel":false,"naturalOrder":0,"linkedFields":["Name"],"relatedInfos":[],"references":[]},{"@type":"field","id":118931403,"name":"Phone_Number","type":"nstring","uniqueName":"Phone_Number","label":"Phone_Number","parentObject":"Outlets.csv","pcType":"UNISTRING","precision":40,"scale":0,"columnIndex":2,"isKey":false,"isWaterMarkKey":false,"isExternalId":false,"isSfIdLookup":false,"isNullable":true,"isUnique":false,"isCreateable":false,"isUpdateable":true,"isFilterable":true,"isCalculated":false,"showLabel":false,"naturalOrder":0,"linkedFields":["Phone"],"relatedInfos":[],"references":[]},{"@type":"field","id":118931404,"name":"Street","type":"nstring","uniqueName":"Street","label":"Street","parentObject":"Outlets.csv","pcType":"UNISTRING","precision":255,"scale":0,"columnIndex":3,"isKey":false,"isWaterMarkKey":false,"isExternalId":false,"isSfIdLookup":false,"isNullable":true,"isUnique":false,"isCreateable":false,"isUpdateable":true,"isFilterable":true,"isCalculated":false,"showLabel":false,"naturalOrder":0,"linkedFields":["BillingStreet"],"relatedInfos":[],"references":[]},{"@type":"field","id":118931405,"name":"City","type":"nstring","uniqueName":"City","label":"City","parentObject":"Outlets.csv","pcType":"UNISTRING","precision":40,"scale":0,"columnIndex":4,"isKey":false,"isWaterMarkKey":false,"isExternalId":false,"isSfIdLookup":false,"isNullable":true,"isUnique":false,"isCreateable":false,"isUpdateable":true,"isFilterable":true,"isCalculated":false,"showLabel":false,"naturalOrder":0,"linkedFields":["BillingCity"],"relatedInfos":[],"references":[]},{"@type":"field","id":118931406,"name":"State","type":"nstring","uniqueName":"State","label":"State","parentObject":"Outlets.csv","pcType":"UNISTRING","precision":80,"scale":0,"columnIndex":5,"isKey":false,"isWaterMarkKey":false,"isExternalId":false,"isSfIdLookup":false,"isNullable":true,"isUnique":false,"isCreateable":false,"isUpdateable":true,"isFilterable":true,"isCalculated":false,"showLabel":false,"naturalOrder":0,"linkedFields":["BillingState"],"relatedInfos":[],"references":[]},{"@type":"field","id":118931407,"name":"ZipCode","type":"nstring","uniqueName":"ZipCode","label":"ZipCode","parentObject":"Outlets.csv","pcType":"UNISTRING","precision":20,"scale":0,"columnIndex":6,"isKey":false,"isWaterMarkKey":false,"isExternalId":false,"isSfIdLookup":false,"isNullable":true,"isUnique":false,"isCreateable":false,"isUpdateable":true,"isFilterable":true,"isCalculated":false,"showLabel":false,"naturalOrder":0,"linkedFields":["BillingPostalCode"],"relatedInfos":[],"references":[]},{"@type":"field","id":118931408,"name":"Country","type":"nstring","uniqueName":"Country","label":"Country","parentObject":"Outlets.csv","pcType":"UNISTRING","precision":80,"scale":0,"columnIndex":7,"isKey":false,"isWaterMarkKey":false,"isExternalId":false,"isSfIdLookup":false,"isNullable":true,"isUnique":false,"isCreateable":false,"isUpdateable":true,"isFilterable":true,"isCalculated":false,"showLabel":false,"naturalOrder":0,"linkedFields":["BillingCountry"],"relatedInfos":[],"references":[]},{"@type":"field","id":118931409,"name":"Employees","type":"int","uniqueName":"Employees","label":"Employees","parentObject":"Outlets.csv","pcType":"INT","precision":10,"scale":0,"columnIndex":8,"isKey":false,"isWaterMarkKey":false,"isExternalId":false,"isSfIdLookup":false,"isNullable":true,"isUnique":false,"isCreateable":false,"isUpdateable":true,"isFilterable":true,"isCalculated":false,"showLabel":false,"naturalOrder":0,"linkedFields":["NumberOfEmployees"],"relatedInfos":[],"references":[]}],"sortFields":[],"groupFields":[]}]